1, Nebulas,
2, Ethereum, 
2, Smart contract,
2, Decentralized Application,
2, Solidity,
2, Proof of work,
2, Distributed System,
2, Ethereum VM,
2, P2P Networking,
2, Truffle,
2, Ganache,
2, Ethereum Virtual Machine(EVM),
3, Hyperledger, 
3, Distributed ledger frameworks,
3, Smart Contract,
3, Sawtooth,
3, Iroha,
3, Fabric,
3, Burrow,
3, Indy,
3, Proof of Elapsed Time,
3, Distributed Systems,
3, Peer to peer networking,
4, Public Chain Infrastructure,
5, Smart Contract, 
5, Decentralized Application,
5, Solidity,
5, Ethereum,
5, Hyperledger,
6, dApp Backend, 
6, Ethereum,
6, Nebulas,
6, IPFS,
6, Smart Contract,
7, dApp Frontend, 
7, Web3,
7, JavaScript,
7, MetaMask,
7, Port,
7, Truffle,
7, Solidity,
8, IPFS/Storage/Network,
8, Peer-to-peer hypermedia protocol,
8, IPFS,
8, FUSE,
8, Decentralized Archiving,
8, P2P content deliver,
9, Industry Use Cases,
9, Digital Identity,
9, Tokenization,
9, Inter-Organizational data management,
9, Financial institutions,
9, Audits,
9, Regulatory compliance,
9, Clearing and settlement,
9, Automated governance,
9, Health care records,
9, Insurance,
9, Notary,
9, Digital Assets,
9, Smart Contract, 
9, Digital voting, 
9, Distributed storage, 