URL,Followers,Text post?,Link?,,
https://www.reddit.com/r/Bitcoin/,551k,yes,yes,,
https://www.reddit.com/r/btc/,116k,yes,yes,,
https://www.reddit.com/r/ethereum/,204k,,yes,,
https://www.reddit.com/r/ethtrader/,126k,yes,yes,,
https://www.reddit.com/r/EtherMining/,24k,yes,yes,,
https://www.reddit.com/r/EthereumClassic/,10k,yes,yes,,
https://www.reddit.com/r/Lisk/,19k,yes,yes,,
https://www.reddit.com/r/CryptoCurrency/,268k,yes,yes,,
https://www.reddit.com/r/CryptoCurrencies/,18k,yes,yes,,
https://www.reddit.com/r/altcoin/,22k,yes,yes,,
https://www.reddit.com/r/crypto/,56k,yes,yes,,
https://www.reddit.com/r/icocrypto/,19k,yes,yes,,
https://www.reddit.com/r/Tronix/,6k,yes,yes,,
https://www.reddit.com/r/dashpay/,15k,yes,yes,,
https://www.reddit.com/r/Bitcoincash/,16k,yes,yes,,
https://www.reddit.com/r/BitcoinAUS/,2k,yes,yes,,
https://www.reddit.com/r/BitcoinCA/,5k,yes,yes,,
https://www.reddit.com/r/NEO/,4k,yes,yes,,
https://www.reddit.com/r/ICONOMI/,6k,,yes,,
https://www.reddit.com/r/litecoin/,6k,yes,yes,,
https://www.reddit.com/r/EnjinCoin/,2k,yes,yes,,
https://www.reddit.com/r/vertcoin/,27k,yes,yes,,
https://www.reddit.com/r/LitecoinMarkets/,22k,yes,yes,,
https://www.reddit.com/r/ltc/,1k,yes,yes,,
https://www.reddit.com/r/cardano/,17k,yes,yes,,
https://www.reddit.com/r/litecoinmining/,11k,yes,yes,,
https://www.reddit.com/r/Ripple/,72k,yes,yes,,
https://www.reddit.com/r/Iota/,74k,yes,yes,,
https://www.reddit.com/r/DashCoin/,1k,yes,yes,,
https://www.reddit.com/r/geometrydash/,3k,yes,yes,,
https://www.reddit.com/r/Monero/,62k,yes,yes,,
https://www.reddit.com/r/omise_go/,22k,yes,yes,,
https://www.reddit.com/r/xmrtrader/,18k,yes,yes,,
https://www.reddit.com/r/MoneroMining/,7k,yes,yes,,
https://www.reddit.com/r/MoneroCommunity/,1k,yes,yes,,
https://www.reddit.com/r/moneromarket/,1k,yes,yes,,
https://www.reddit.com/r/bitfinex/,3k,yes,yes,,
https://www.reddit.com/r/FreeBits/,2k,yes,yes,,
https://www.reddit.com/r/passive_income/,6k,yes,yes,,
https://www.reddit.com/r/gpumining/,10k,yes,yes,,
https://www.reddit.com/r/Electrum/,1k,yes,yes,,
https://www.reddit.com/r/eos/,20k,yes,yes,,
https://www.reddit.com/r/Neotrader/,8k,yes,yes,,SH
https://www.reddit.com/r/Bitconnect/,2K,yes,Yes,,
https://www.reddit.com/r/OMGTraders/,5K,yes,Yes,,
https://www.reddit.com/r/zec/,8K,yes,Yes,,
https://www.reddit.com/r/Wavesplatform/,5k,yes,Yes,,
https://www.reddit.com/r/stratisplatform/,8k,yes,Yes,,
https://www.reddit.com/r/Stratis/,3k,yes,Yes,,
https://www.reddit.com/r/NXT/,5k,yes,Yes,,
https://www.reddit.com/r/BytecoinBCN/,4k,yes,yes,,
https://www.reddit.com/r/monacoin/,2k,yes,yes,,
https://www.reddit.com/r/ArkEcosystem/,14k,yes,yes,,
https://www.reddit.com/r/lostarkgame/,6k,yes,yes,,
https://www.reddit.com/r/arktrader/,1k,yes,yes,,
https://www.reddit.com/r/loopring/,1k,yes,yes,,
https://www.reddit.com/r/binance/,10k,yes,yes,,
https://www.reddit.com/r/BNBTrader/,1k,yes,yes,,
https://www.reddit.com/r/steem/,1k,yes,yes,,
https://www.reddit.com/r/komodoplatform/,3k,yes,yes,,
https://www.reddit.com/r/Augur/,5k,yes,yes,,
https://www.reddit.com/r/reptrader/,1k,yes,yes,,
https://www.reddit.com/r/einsteinium/,3k,yes,yes,,
https://www.reddit.com/r/pivx/,5k,yes,yes,,
https://www.reddit.com/r/Electroneum/,6k,yes,yes,,
https://www.reddit.com/r/Vechain/,3k,yes,yes,,
https://www.reddit.com/r/BytomBlockchain/,1k,yes,yes,,
https://www.reddit.com/r/maidsafe/,4k,yes,yes,,
https://www.reddit.com/r/zcoin/,2k,yes,yes,,
https://www.reddit.com/r/FunfairTech/,3k,yes,yes,,
https://www.reddit.com/r/MonacoCard/,3k,yes,yes,,
https://www.reddit.com/r/civicplatform/,5k,yes,yes,,
https://www.reddit.com/r/NavCoin/,6k,yes,yes,,
https://www.reddit.com/r/SubstratumNetwork/,4k,yes,yes,,
https://www.reddit.com/r/Metaverse_Blockchain/,2k,yes,yes,,
https://www.reddit.com/r/Chainlink/,1k,yes,yes,,
https://www.reddit.com/r/BitBay/,1k,yes,yes,,
https://www.reddit.com/r/D_Market/,1k,yes,yes,,
https://www.reddit.com/r/SONM/,1k,yes,yes,,
https://www.reddit.com/r/KinFoundation/,2k,yes,yes,,
https://www.reddit.com/r/Quantstamp/,2k,yes,yes,,
https://www.reddit.com/r/AdEx/,2k,yes,yes,,
https://www.reddit.com/r/Cindicator/,1k,yes,yes,,
https://www.reddit.com/r/ZenSys/,1k,yes,yes,,
https://www.reddit.com/r/reddCoin/,26k,yes,yes,,
https://www.reddit.com/r/investing/,455k,yes,yes,,
https://www.reddit.com/r/viacoin/,1k,yes,yes,,
https://www.reddit.com/r/UKInvesting/,3k,yes,yes,,
https://www.reddit.com/r/Terraria/,114k,yes,yes,,
https://www.reddit.com/r/potcoin/,3k,yes,yes,,
https://www.reddit.com/r/RedPulseToken/,3k,yes,yes,,
https://www.reddit.com/r/enigmacatalyst/,1k,yes,yes,,
https://www.reddit.com/r/Vive/,85k,yes,yes,,
https://www.reddit.com/r/rawdenim/,43k,yes,yes,,
https://www.reddit.com/r/tierion/,1k,yes,yes,,
https://www.reddit.com/r/TheCrownNetflix/,5k,yes,yes,,
https://www.reddit.com/r/VPN/,42k,yes,yes,,
https://www.reddit.com/r/Frugal/,786k,yes,yes,,
https://www.reddit.com/r/Philippines/,129k,yes,yes,,
https://www.reddit.com/r/programming/,912k,,yes,,
https://www.reddit.com/r/EthAnalysis/,6k,yes,,,
https://www.reddit.com/r/ETHInsider/,6k,,,,
https://www.reddit.com/r/CryptoMarkets/,64k,yes,,,
https://www.reddit.com/r/vergecurrency/,11k,,,,
https://www.reddit.com/r/BTCNews/,1k,,,,
https://www.reddit.com/r/BitcoinMarkets/,80k,yes,,,
https://www.reddit.com/r/BitcoinBeginners/,43k,yes,,,
https://www.reddit.com/r/Antshares/,9k,yes,,,
https://www.reddit.com/r/Smite/,110k,yes,,,